{"cameraMode":{"drawMode":0,"name":"Shaded","section":"Shading Mode"},"sceneLighting":true,"audioPlay":false,"sceneViewState":{"showFog":true,"showMaterialUpdate":true,"showSkybox":true,"showFlares":true,"showImageEffects":true,"showParticleSystems":true},"in2DMode":false,"pivot":{"x":16.807872772216798,"y":0.005507230758666992,"z":-19.815271377563478},"rotation":{"x":-0.04042549058794975,"y":0.6146922707557678,"z":-0.031564198434352878,"w":-0.7871350049972534},"size":4.3918280601501469,"orthographic":false}