{"cameraMode":{"drawMode":0,"name":"Shaded","section":"Shading Mode"},"sceneLighting":true,"audioPlay":false,"sceneViewState":{"showFog":true,"showMaterialUpdate":true,"showSkybox":true,"showFlares":true,"showImageEffects":true,"showParticleSystems":true},"in2DMode":false,"pivot":{"x":15.88978099822998,"y":0.1862969994544983,"z":-19.798431396484376},"rotation":{"x":-0.20110772550106049,"y":-0.7764338850975037,"z":0.3034980595111847,"w":-0.514573872089386},"size":1.4696884155273438,"orthographic":false}